<?xml version="1.0" encoding="UTF-8" standalone="no"?>
<catalog prefer="public" xmlns="urn:oasis:names:tc:entity:xmlns:xml:catalog">
    <group id="Folder Repository, directory=, recursive=true, Auto-Update=true, version=2" prefer="public" xml:base="">
        <uri id="Automatically generated entry, Timestamp=1515689665227" name="duplicate:http://www.semanticweb.org/ag7992/ontologies/2017/11/untitled-ontology-4" uri="ICSA%20copy.owl"/>
        <uri id="Automatically generated entry, Timestamp=1515689665227" name="duplicate:http://www.semanticweb.org/ag7992/ontologies/2017/11/untitled-ontology-4" uri="ICSA.owl"/>
        <uri id="Automatically generated entry, Timestamp=1515689665227" name="duplicate:http://www.semanticweb.org/ag7992/ontologies/2017/11/untitled-ontology-4" uri="ICSAManyThings.owl"/>
        <uri id="Automatically generated entry, Timestamp=1515689665227" name="duplicate:http://www.semanticweb.org/ag7992/ontologies/2017/11/untitled-ontology-4" uri="ICSAMistakeIoT-Thing.owl"/>
        <uri id="Automatically generated entry, Timestamp=1515689665227" name="shadowed:http://www.semanticweb.org/ag7992/ontologies/2017/11/untitled-ontology-4" uri="previous%20ontology%20versions/ICSA%202.owl"/>
        <uri id="Automatically generated entry, Timestamp=1515689665227" name="shadowed:http://www.semanticweb.org/ag7992/ontologies/2017/11/untitled-ontology-4" uri="previous%20ontology%20versions/ICSA%203.owl"/>
        <uri id="Automatically generated entry, Timestamp=1515689665227" name="shadowed:http://www.semanticweb.org/ag7992/ontologies/2017/11/untitled-ontology-4" uri="previous%20ontology%20versions/ICSA%204.owl"/>
        <uri id="Automatically generated entry, Timestamp=1515689665227" name="shadowed:http://www.semanticweb.org/ag7992/ontologies/2017/11/untitled-ontology-4" uri="previous%20ontology%20versions/ICSA%20copy.owl"/>
        <uri id="Automatically generated entry, Timestamp=1515689665227" name="shadowed:http://www.semanticweb.org/ag7992/ontologies/2017/11/untitled-ontology-4" uri="previous%20ontology%20versions/ICSA-bigcap.owl"/>
        <uri id="Automatically generated entry, Timestamp=1515689665227" name="shadowed:http://www.semanticweb.org/ag7992/ontologies/2017/11/untitled-ontology-4" uri="previous%20ontology%20versions/ICSA-Stable.owl"/>
        <uri id="Automatically generated entry, Timestamp=1515689665227" name="shadowed:http://www.semanticweb.org/ag7992/ontologies/2017/11/untitled-ontology-4" uri="previous%20ontology%20versions/ICSA.owl"/>
        <uri id="Automatically generated entry, Timestamp=1515689665227" name="shadowed:http://www.semanticweb.org/ag7992/ontologies/2017/11/untitled-ontology-4" uri="previous%20ontology%20versions/ICSA2.owl"/>
        <uri id="Automatically generated entry, Timestamp=1515689665227" name="shadowed:http://www.semanticweb.org/ag7992/ontologies/2017/11/untitled-ontology-4" uri="previous%20ontology%20versions/ICSA3.owl"/>
        <uri id="Automatically generated entry, Timestamp=1515689665227" name="shadowed:http://www.semanticweb.org/ag7992/ontologies/2017/11/untitled-ontology-4" uri="previous%20ontology%20versions/ICSA4.owl"/>
        <uri id="Automatically generated entry, Timestamp=1515689665227" name="shadowed:http://www.semanticweb.org/ag7992/ontologies/2017/11/untitled-ontology-4" uri="previous%20ontology%20versions/ICSA5.owl"/>
        <uri id="Automatically generated entry, Timestamp=1515689665227" name="shadowed:http://www.semanticweb.org/ag7992/ontologies/2017/11/untitled-ontology-4" uri="previous%20ontology%20versions/ICSAa.owl"/>
        <uri id="Automatically generated entry, Timestamp=1515689665227" name="shadowed:http://www.semanticweb.org/ag7992/ontologies/2017/11/untitled-ontology-4" uri="previous%20ontology%20versions/ICSAManyThings.owl"/>
        <uri id="Automatically generated entry, Timestamp=1515689665227" name="shadowed:http://www.semanticweb.org/ag7992/ontologies/2017/11/untitled-ontology-4" uri="previous%20ontology%20versions/ICSAMistakeIoT-Thing.owl"/>
    </group>
</catalog>
